[
  {
    "constant": false,
    "inputs": [
      {
        "name": "amount",
        "type": "uint256"
      },
      {
        "name": "nonce",
        "type": "uint256"
      },
      {
        "name": "deadline",
        "type": "uint256"
      },
      {
        "name": "v",
        "type": "uint8"
      },
      {
        "name": "r",
        "type": "bytes32"
      },
      {
        "name": "s",
        "type": "bytes32"
      }
    ],
    "name": "stake",
    "outputs": [
      {
        "name": "",
        "type": "bool"
      }
    ],
    "payable": false,
    "stateMutability": "nonpayable",
    "type": "function"
  },{
    "constant": false,
    "inputs": [

    ],
    "name": "redemption",
    "outputs": [
      {
        "name": "",
        "type": "bool"
      }
    ],
    "payable": false,
    "stateMutability": "nonpayable",
    "type": "function"
  },{
    "constant": false,
    "inputs": [
      {
        "name": "count",
        "type": "uint256"
      }
    ],
    "name": "rootSettle",
    "outputs": [

    ],
    "payable": false,
    "stateMutability": "nonpayable",
    "type": "function"
  },{
  "constant": false,
  "inputs": [
    {
      "name": "accountAddress",
      "type": "address"
    }
  ],
  "name": "changeAccountStakeExpirationTimestamp",
  "outputs": [
    {
      "name": "",
      "type": "bool"
    }
  ],
  "payable": false,
  "stateMutability": "nonpayable",
  "type": "function"
},
{
  "constant": false,
  "inputs": [
    {
      "name": "accountAddress",
      "type": "address"
    }
  ],
  "name": "getAllAccountByAddress",
  "outputs": [
    {
      "components": [
        {
          "name": "accountNum",
          "type": "uint256"
        },{
          "name": "totalStakeAmount",
          "type": "uint256"
        }
      ],
      "name": "Transaction",
      "type": "tuple"
    }
  ],
  "payable": false,
  "stateMutability": "nonpayable",
  "type": "function"
}
]